,DANE OCURRENCIA,TOTAL,DPNOM,MPIO,2005
0,11001,594,"Bogotá, D.C.","Bogotá, D.C.",6840116
1,13001,2101,Bolívar,Cartagena,893033
2,13006,2852,Bolívar,Achí,19644
3,13030,435,Bolívar,Altos del Rosario,11357
4,13042,789,Bolívar,Arenal,15414
5,13052,293,Bolívar,Arjona,60418
6,13062,170,Bolívar,Arroyohondo,8804
7,13074,557,Bolívar,Barranco de Loba,15148
8,13140,909,Bolívar,Calamar,20722
9,13160,833,Bolívar,Cantagallo,7811
10,13188,32,Bolívar,Cicuco,11094
11,13212,7365,Bolívar,Córdoba,13113
12,13222,266,Bolívar,Clemencia,11714
13,13244,10015,Bolívar,El Carmen de Bolívar,67963
14,13248,690,Bolívar,El Guamo,7826
15,13268,162,Bolívar,El Peñón,7807
16,13300,40,Bolívar,Hatillo de Loba,11470
17,13430,2350,Bolívar,Magangué,121481
18,13433,983,Bolívar,Mahates,22929
19,13440,15,Bolívar,Margarita,9406
20,13442,4334,Bolívar,María La Baja,45395
21,13458,3101,Bolívar,Montecristo,16973
22,13468,286,Bolívar,Mompós,41565
23,13473,1733,Bolívar,Morales,18523
24,13490,87,Bolívar,Norosí (1),0
25,13549,1022,Bolívar,Pinillos,22801
26,13580,209,Bolívar,Regidor,8796
27,13600,714,Bolívar,Río Viejo (1)(3),21060
28,13620,79,Bolívar,San Cristóbal,6561
29,13647,130,Bolívar,San Estanislao,15312
30,13650,14,Bolívar,San Fernando,12965
31,13654,3423,Bolívar,San Jacinto,21593
32,13655,487,Bolívar,San Jacinto del Cauca,10935
33,13657,5432,Bolívar,San Juan Nepomuceno,32514
34,13667,754,Bolívar,San Martín de Loba,14248
35,13670,3008,Bolívar,San Pablo,27010
36,13673,121,Bolívar,Santa Catalina,12058
37,13683,621,Bolívar,Santa Rosa,18195
38,13688,1251,Bolívar,Santa Rosa del Sur,34015
39,13744,1017,Bolívar,Simití,18418
40,13760,42,Bolívar,Soplaviento,8281
41,13780,72,Bolívar,Talaigua Nuevo,11086
42,13810,1862,Bolívar,Tiquisio,18786
43,13836,229,Bolívar,Turbaco,63057
44,13838,58,Bolívar,Turbaná,13493
45,13873,523,Bolívar,Villanueva,17576
46,13894,2780,Bolívar,Zambrano,11110
47,15001,45,Boyacá,Tunja,154066
48,15022,6,Boyacá,Almeida,2294
49,15047,59,Boyacá,Aquitania,16592
50,15087,10,Boyacá,Belén,9041
51,15090,18,Boyacá,Berbeo,1913
52,15097,26,Boyacá,Boavita,8796
53,15104,12,Boyacá,Boyacá,5074
54,15106,13,Boyacá,Briceño,2748
55,15109,10,Boyacá,Buenavista,5889
56,15131,3,Boyacá,Caldas,4050
57,15135,80,Boyacá,Campohermoso,4065
58,15172,21,Boyacá,Chinavita,3741
59,15176,22,Boyacá,Chiquinquirá,55797
60,15180,124,Boyacá,Chiscas,5372
61,15183,85,Boyacá,Chita,10844
62,15185,7,Boyacá,Chitaraque,6711
63,15212,8,Boyacá,Coper,4201
64,15218,40,Boyacá,Covarachía,3324
65,15223,12,Boyacá,Cubará,6614
66,15236,8,Boyacá,Chivor,2232
67,15238,13,Boyacá,Duitama,107417
68,15244,43,Boyacá,El Cocuy,5582
69,15248,65,Boyacá,El Espino,3997
70,15293,14,Boyacá,Gachantivá,3085
71,15296,3,Boyacá,Gameza,5669
72,15299,17,Boyacá,Garagoa,16520
73,15317,13,Boyacá,Guacamayas,2132
74,15322,17,Boyacá,Guateque,10171
75,15325,27,Boyacá,Guayatá,6368
76,15332,37,Boyacá,Güicán,7869
77,15362,10,Boyacá,Iza,2116
78,15368,32,Boyacá,Jericó,4716
79,15377,140,Boyacá,Labranzagrande,5345
80,15401,2,Boyacá,La Victoria,1674
81,15403,14,Boyacá,La Uvita,3621
82,15425,38,Boyacá,Macanal,4705
83,15442,42,Boyacá,Maripí,7914
84,15455,102,Boyacá,Miraflores,9661
85,15464,4,Boyacá,Mongua,5264
86,15469,5,Boyacá,Moniquirá,21852
87,15476,5,Boyacá,Motavita,6772
88,15480,47,Boyacá,Muzo,10237
89,15507,103,Boyacá,Otanche,10463
90,15514,301,Boyacá,Páez,3369
91,15516,13,Boyacá,Paipa,27766
92,15518,132,Boyacá,Pajarito,2410
93,15522,24,Boyacá,Panqueba,1859
94,15531,18,Boyacá,Pauna,10338
95,15533,10,Boyacá,Paya,2648
96,15537,7,Boyacá,Paz de Río,5258
97,15542,2,Boyacá,Pesca,9762
98,15550,36,Boyacá,Pisba,1533
99,15572,212,Boyacá,Puerto Boyacá,50301
100,15580,10,Boyacá,Quípama,8793
101,15599,13,Boyacá,Ramiriquí,10789
102,15632,11,Boyacá,Saboyá,12957
103,15646,12,Boyacá,Samacá,17614
104,15660,9,Boyacá,San Eduardo,1924
105,15664,6,Boyacá,San José de Pare,5719
106,15667,76,Boyacá,San Luis de Gaceno,6383
107,15673,149,Boyacá,San Mateo,4790
108,15681,28,Boyacá,San Pablo de Borbur,10924
109,15686,18,Boyacá,Santana,7853
110,15690,14,Boyacá,Santa María,4635
111,15720,8,Boyacá,Sativanorte,2775
112,15723,6,Boyacá,Sativasur,1351
113,15753,10,Boyacá,Soatá,9313
114,15755,40,Boyacá,Socotá,10295
115,15757,38,Boyacá,Socha,7593
116,15759,79,Boyacá,Sogamoso,117105
117,15761,16,Boyacá,Somondoco,4359
118,15763,3,Boyacá,Sotaquirá,8966
119,15774,14,Boyacá,Susacón,3698
120,15790,12,Boyacá,Tasco,6925
121,15798,1,Boyacá,Tenza,4651
122,15816,28,Boyacá,Togüí,5229
123,15822,2,Boyacá,Tota,5676
124,15839,8,Boyacá,Tutazá,2254
125,15861,2,Boyacá,Ventaquemada,14404
126,15897,28,Boyacá,Zetaquira,5171
127,17001,644,Caldas,Manizales,379794
128,17013,534,Caldas,Aguadas,24308
129,17042,287,Caldas,Anserma,35097
130,17050,78,Caldas,Aranzazu,12815
131,17088,38,Caldas,Belalcázar,11872
132,17174,139,Caldas,Chinchiná,53507
133,17272,83,Caldas,Filadelfia,12737
134,17380,317,Caldas,La Dorada,72936
135,17388,145,Caldas,La Merced,6752
136,17433,621,Caldas,Manzanares,25104
137,17442,57,Caldas,Marmato,8455
138,17444,2344,Caldas,Marquetalia,14798
139,17446,350,Caldas,Marulanda,3489
140,17486,223,Caldas,Neira,28140
141,17495,43,Caldas,Norcasia,6903
142,17513,316,Caldas,Pácora,15196
143,17524,114,Caldas,Palestina,18037
144,17541,6852,Caldas,Pensilvania,26426
145,17614,1295,Caldas,Riosucio,54537
146,17616,87,Caldas,Risaralda,10679
147,17653,601,Caldas,Salamina,20288
148,17662,15144,Caldas,Samaná,25649
149,17665,55,Caldas,San José,7572
150,17777,200,Caldas,Supía,24847
151,17867,234,Caldas,Victoria,9165
152,17873,67,Caldas,Villamaría,46324
153,17877,41,Caldas,Viterbo,13159
154,18001,3541,Caquetá,Florencia,144052
155,18029,767,Caquetá,Albania,6394
156,18094,1479,Caquetá,Belén de Los Andaquies,11081
157,18150,1625,Caquetá,Cartagena del Chairá,28678
158,18205,3689,Caquetá,Curillo,11121
159,18247,2121,Caquetá,El Doncello,21547
160,18256,2066,Caquetá,El Paujil,17634
161,18410,2574,Caquetá,La Montañita,22181
162,18460,1448,Caquetá,Milán,11487
163,18479,455,Caquetá,Morelia,3718
164,18592,1977,Caquetá,Puerto Rico,32408
165,18610,2247,Caquetá,San José del Fragua,13882
166,18753,4887,Caquetá,San Vicente del Caguán,56674
167,18756,960,Caquetá,Solano,19427
168,18785,2030,Caquetá,Solita,9134
169,18860,3863,Caquetá,Valparaíso,11100
170,19001,480,Cauca,Popayán,257405
171,19022,237,Cauca,Almaguer,20463
172,19050,462,Cauca,Argelia,24538
173,19075,146,Cauca,Balboa,23602
174,19100,807,Cauca,Bolívar,43978
175,19110,787,Cauca,Buenos Aires,26961
176,19130,741,Cauca,Cajibío,34706
177,19137,145,Cauca,Caldono,30906
178,19142,1171,Cauca,Caloto(1)(3),36921
179,19212,369,Cauca,Corinto,28310
180,19256,3208,Cauca,El Tambo,45804
181,19290,59,Cauca,Florencia,6028
182,19318,909,Cauca,Guapi,28663
183,19355,105,Cauca,Inzá,26989
184,19364,138,Cauca,Jambaló,14625
185,19392,477,Cauca,La Sierra,10937
186,19397,679,Cauca,La Vega,38435
187,19418,1741,Cauca,López,19326
188,19450,479,Cauca,Mercaderes,17702
189,19455,268,Cauca,Miranda,33245
190,19473,192,Cauca,Morales,24391
191,19513,16,Cauca,Padilla,8336
192,19517,194,Cauca,Paez,31800
193,19532,627,Cauca,Patía,33195
194,19533,929,Cauca,Piamonte,7083
195,19548,146,Cauca,Piendamó,35804
196,19573,73,Cauca,Puerto Tejada,44324
197,19585,226,Cauca,Puracé,14970
198,19622,177,Cauca,Rosas,12666
199,19693,292,Cauca,San Sebastián,12820
200,19698,1107,Cauca,Santander de Quilichao,80282
201,19701,395,Cauca,Santa Rosa,9579
202,19743,106,Cauca,Silvia,30960
203,19760,93,Cauca,Sotara,15696
204,19780,382,Cauca,Suárez,19244
205,19785,6,Cauca,Sucre,8955
206,19807,641,Cauca,Timbío,30028
207,19809,2246,Cauca,Timbiquí,20885
208,19821,342,Cauca,Toribio,26512
209,19824,54,Cauca,Totoró,17430
210,19845,8,Cauca,Villa Rica,14326
211,20001,19333,Cesar,Valledupar,354582
212,20011,1590,Cesar,Aguachica,82346
213,20013,6628,Cesar,Agustín Codazzi,53969
214,20032,929,Cesar,Astrea,18394
215,20045,3708,Cesar,Becerril,13941
216,20060,1348,Cesar,Bosconia,30885
217,20175,1078,Cesar,Chimichagua,30993
218,20178,2993,Cesar,Chiriguaná,22146
219,20228,3663,Cesar,Curumaní,27560
220,20238,3170,Cesar,El Copey,24971
221,20250,501,Cesar,El Paso,20808
222,20295,203,Cesar,Gamarra,14472
223,20310,63,Cesar,González,9252
224,20383,876,Cesar,La Gloria,14586
225,20400,4271,Cesar,La Jagua de Ibirico,22082
226,20443,268,Cesar,Manaure,11317
227,20517,3389,Cesar,Pailitas,15902
228,20550,1753,Cesar,Pelaya,16561
229,20570,2105,Cesar,Pueblo Bello,17228
230,20614,118,Cesar,Río de Oro,14406
231,20621,1174,Cesar,La Paz,21874
232,20710,413,Cesar,San Alberto,20018
233,20750,1121,Cesar,San Diego,13772
234,20770,303,Cesar,San Martín,17312
235,20787,236,Cesar,Tamalameque,14046
236,23001,1491,Córdoba,Montería,379094
237,23068,265,Córdoba,Ayapel,42542
238,23079,81,Córdoba,Buenavista,19011
239,23090,194,Córdoba,Canalete,17315
240,23162,102,Córdoba,Cereté,83928
241,23168,41,Córdoba,Chimá,13639
242,23182,75,Córdoba,Chinú,43274
243,23189,77,Córdoba,Ciénaga de Oro,53145
244,23300,26,Córdoba,Cotorra,15113
245,23350,14,Córdoba,La Apartada,12702
246,23417,195,Córdoba,Lorica,110316
247,23419,106,Córdoba,Los Córdobas,17837
248,23464,92,Córdoba,Momil,14092
249,23466,4236,Córdoba,Montelíbano(1)(3),73258
250,23500,140,Córdoba,Moñitos,23597
251,23555,288,Córdoba,Planeta Rica,61692
252,23570,137,Córdoba,Pueblo Nuevo,31536
253,23574,111,Córdoba,Puerto Escondido,21786
254,23580,2839,Córdoba,Puerto Libertador,35186
255,23586,7,Córdoba,Purísima,14677
256,23660,170,Córdoba,Sahagún,87556
257,23670,393,Córdoba,San Andrés Sotavento (1) (3),63147
258,23672,18,Córdoba,San Antero,26123
259,23675,152,Córdoba,San Bernardo del Viento,31405
260,23678,42,Córdoba,San Carlos,23622
261,23682,132,Córdoba,San José de Uré(1),0
262,23686,80,Córdoba,San Pelayo,39260
263,23807,7938,Córdoba,Tierralta,78680
264,23815,66,Córdoba,Tuchín (1),0
265,23855,4200,Córdoba,Valencia,34373
266,25001,74,Cundinamarca,Agua de Dios,11822
267,25019,306,Cundinamarca,Albán,5952
268,25035,35,Cundinamarca,Anapoima,11503
269,25040,54,Cundinamarca,Anolaima,13310
270,25053,246,Cundinamarca,Arbeláez,11806
271,25086,53,Cundinamarca,Beltrán,1947
272,25095,37,Cundinamarca,Bituima,2657
273,25099,9,Cundinamarca,Bojacá,8879
274,25120,202,Cundinamarca,Cabrera,4684
275,25123,5,Cundinamarca,Cachipay,9995
276,25148,753,Cundinamarca,Caparrapí,16483
277,25151,32,Cundinamarca,Caqueza,16442
278,25168,527,Cundinamarca,Chaguaní,4101
279,25175,13,Cundinamarca,Chía,97907
280,25178,22,Cundinamarca,Chipaque,8395
281,25181,8,Cundinamarca,Choachí,11165
282,25183,18,Cundinamarca,Chocontá,19512
283,25214,1,Cundinamarca,Cota,19909
284,25245,113,Cundinamarca,El Colegio,20430
285,25258,1827,Cundinamarca,El Peñón,4977
286,25269,20,Cundinamarca,Facatativá,107463
287,25279,59,Cundinamarca,Fomeque,12157
288,25281,26,Cundinamarca,Fosca,6654
289,25286,11,Cundinamarca,Funza,61391
290,25288,3,Cundinamarca,Fúquene,5214
291,25290,134,Cundinamarca,Fusagasugá,108949
292,25293,23,Cundinamarca,Gachala,5916
293,25297,59,Cundinamarca,Gachetá,10409
294,25299,33,Cundinamarca,Gama,3873
295,25307,72,Cundinamarca,Girardot,97889
296,25312,8,Cundinamarca,Granada,6876
297,25317,7,Cundinamarca,Guachetá,11517
298,25320,299,Cundinamarca,Guaduas,31831
299,25322,11,Cundinamarca,Guasca,12442
300,25324,24,Cundinamarca,Guataquí,2489
301,25328,202,Cundinamarca,Guayabal de Siquima,3652
302,25335,120,Cundinamarca,Guayabetal,4780
303,25339,111,Cundinamarca,Gutiérrez,3489
304,25368,40,Cundinamarca,Jerusalén,2723
305,25372,65,Cundinamarca,Junín,8448
306,25377,15,Cundinamarca,La Calera,23768
307,25386,51,Cundinamarca,La Mesa,27165
308,25394,8972,Cundinamarca,La Palma,9918
309,25398,461,Cundinamarca,La Peña,6989
310,25402,17,Cundinamarca,La Vega,13265
311,25407,1,Cundinamarca,Lenguazaque,9769
312,25426,7,Cundinamarca,Macheta,6847
313,25436,14,Cundinamarca,Manta,4627
314,25438,979,Cundinamarca,Medina,9845
315,25473,4,Cundinamarca,Mosquera,63237
316,25483,3,Cundinamarca,Nariño,2092
317,25488,4,Cundinamarca,Nilo,14174
318,25489,119,Cundinamarca,Nimaima,5523
319,25491,23,Cundinamarca,Nocaima,7734
320,25506,85,Cundinamarca,Venecia,3934
321,25513,222,Cundinamarca,Pacho,25414
322,25518,91,Cundinamarca,Paime,5473
323,25524,96,Cundinamarca,Pandi,5468
324,25530,94,Cundinamarca,Paratebueno,7416
325,25535,131,Cundinamarca,Pasca,11122
326,25572,17,Cundinamarca,Puerto Salgar,15519
327,25580,603,Cundinamarca,Pulí,2945
328,25592,421,Cundinamarca,Quebradanegra,4691
329,25594,23,Cundinamarca,Quetame,6570
330,25596,188,Cundinamarca,Quipile,8217
331,25599,68,Cundinamarca,Apulo,7822
332,25645,17,Cundinamarca,San Antonio del Tequendama,12374
333,25649,60,Cundinamarca,San Bernardo,10334
334,25653,29,Cundinamarca,San Cayetano,5276
335,25658,26,Cundinamarca,San Francisco,8304
336,25662,537,Cundinamarca,San Juan de Río Seco,9792
337,25718,178,Cundinamarca,Sasaima,10205
338,25736,25,Cundinamarca,Sesquilé,9817
339,25740,63,Cundinamarca,Sibaté,31675
340,25743,403,Cundinamarca,Silvania,21392
341,25745,14,Cundinamarca,Simijaca,11017
342,25754,69,Cundinamarca,Soacha,401996
343,25777,2,Cundinamarca,Supatá,4952
344,25779,14,Cundinamarca,Susa,9782
345,25797,3,Cundinamarca,Tena,7569
346,25805,250,Cundinamarca,Tibacuy,4843
347,25807,6,Cundinamarca,Tibirita,3018
348,25815,69,Cundinamarca,Tocaima,17196
349,25817,7,Cundinamarca,Tocancipá,24154
350,25823,1431,Cundinamarca,Topaipí,4817
351,25839,57,Cundinamarca,Ubalá,11892
352,25841,28,Cundinamarca,Ubaque,6879
353,25843,8,Cundinamarca,Villa de San Diego de Ubate,36433
354,25845,43,Cundinamarca,Une,8014
355,25851,179,Cundinamarca,Útica,4941
356,25862,239,Cundinamarca,Vergara,7730
357,25867,54,Cundinamarca,Vianí,4115
358,25871,117,Cundinamarca,Villagómez,2183
359,25873,104,Cundinamarca,Villapinzón,16573
360,25875,218,Cundinamarca,Villeta,24340
361,25878,628,Cundinamarca,Viotá,13567
362,25885,503,Cundinamarca,Yacopí,16411
363,27001,6992,Chocó,Quibdó,112909
364,27006,561,Chocó,Acandí,10455
365,27025,1036,Chocó,Alto Baudo,28961
366,27050,208,Chocó,Atrato,7561
367,27073,1552,Chocó,Bagadó,8454
368,27075,1375,Chocó,Bahía Solano,9094
369,27077,130,Chocó,Bajo Baudó,16375
370,27099,14885,Chocó,Bojaya,9941
371,27135,97,Chocó,El Cantón del San Pablo,6213
372,27150,2994,Chocó,Carmen del Darien,5111
373,27160,11,Chocó,Cértegui,9524
374,27205,1037,Chocó,Condoto,13098
375,27245,540,Chocó,El Carmen de Atrato,11849
376,27250,153,Chocó,El Litoral del San Juan,12244
377,27361,370,Chocó,Istmina,23639
378,27372,208,Chocó,Juradó,3609
379,27413,2174,Chocó,Lloró,10248
380,27425,172,Chocó,Medio Atrato,21037
381,27430,136,Chocó,Medio Baudó,11715
382,27450,42,Chocó,Medio San Juan,13027
383,27491,421,Chocó,Nóvita,7867
384,27495,170,Chocó,Nuquí,7625
385,27580,817,Chocó,Río Iro,8084
386,27600,2225,Chocó,Río Quito,7888
387,27615,4290,Chocó,Riosucio(2),28230
388,27660,562,Chocó,San José del Palmar,5068
389,27745,34,Chocó,Sipí,3481
390,27787,4023,Chocó,Tadó,18041
391,27800,611,Chocó,Unguía,14544
392,41001,838,Huila,Neiva,315999
393,41006,450,Huila,Acevedo,26414
394,41013,8,Huila,Agrado,8491
395,41016,163,Huila,Aipe,19793
396,41020,1328,Huila,Algeciras,23433
397,41026,10,Huila,Altamira,3591
398,41078,368,Huila,Baraya,9182
399,41132,113,Huila,Campoalegre,32178
400,41206,1115,Huila,Colombia,11196
401,41244,1,Huila,Elías,3337
402,41298,230,Huila,Garzón,69823
403,41306,351,Huila,Gigante,28132
404,41319,51,Huila,Guadalupe,17577
405,41349,74,Huila,Hobo,6542
406,41357,104,Huila,Iquira,10621
407,41359,407,Huila,Isnos,23699
408,41378,95,Huila,La Argentina,11592
409,41396,327,Huila,La Plata,52166
410,41483,123,Huila,Nátaga,5838
411,41503,127,Huila,Oporapa,10792
412,41518,11,Huila,Paicol,5208
413,41524,114,Huila,Palermo,27202
414,41530,50,Huila,Palestina,10250
415,41548,36,Huila,Pital,12831
416,41551,670,Huila,Pitalito,102460
417,41615,55,Huila,Rivera,16689
418,41660,74,Huila,Saladoblanco,10236
419,41668,283,Huila,San Agustín,29680
420,41676,219,Huila,Santa María,10228
421,41770,145,Huila,Suaza,14374
422,41791,140,Huila,Tarqui,15917
423,41797,52,Huila,Tesalia,8872
424,41799,353,Huila,Tello,13565
425,41801,44,Huila,Teruel,8226
426,41807,118,Huila,Timaná,20025
427,41872,66,Huila,Villavieja,7376
428,41885,5,Huila,Yaguará,7870
429,44001,6382,La Guajira,Riohacha,167886
430,44035,238,La Guajira,Albania,20815
431,44078,152,La Guajira,Barrancas,26329
432,44090,1945,La Guajira,Dibulla,21798
433,44098,67,La Guajira,Distracción,11962
434,44110,489,La Guajira,El Molino,7315
435,44279,377,La Guajira,Fonseca,26831
436,44378,133,La Guajira,Hatonuevo,16383
437,44420,94,La Guajira,La Jagua del Pilar,2721
438,44430,1685,La Guajira,Maicao,123768
439,44560,37,La Guajira,Manaure,67584
440,44650,8511,La Guajira,San Juan del Cesar,33654
441,44847,61,La Guajira,Uribia,117601
442,44855,457,La Guajira,Urumita,13349
443,44874,1121,La Guajira,Villanueva,23538
444,47001,27512,Magdalena,Santa Marta,415404
445,47030,461,Magdalena,Algarrobo,11778
446,47053,2604,Magdalena,Aracataca,35520
447,47058,672,Magdalena,Ariguaní,31047
448,47161,685,Magdalena,Cerro San Antonio,8319
449,47170,1044,Magdalena,Chivolo,16447
450,47189,5705,Magdalena,Ciénaga,101987
451,47205,1000,Magdalena,Concordia,10244
452,47245,819,Magdalena,El Banco,54855
453,47258,656,Magdalena,El Piñon,17035
454,47268,438,Magdalena,El Retén,18809
455,47288,3808,Magdalena,Fundación,56997
456,47318,363,Magdalena,Guamal,25508
457,47460,144,Magdalena,Nueva Granada,16134
458,47541,695,Magdalena,Pedraza,8031
459,47545,189,Magdalena,Pijiño del Carmen,14115
460,47551,4257,Magdalena,Pivijay,36018
461,47555,2273,Magdalena,Plato,49195
462,47570,293,Magdalena,Puebloviejo,24994
463,47605,1835,Magdalena,Remolino,8751
464,47660,881,Magdalena,Sabanas de San Angel,14895
465,47675,565,Magdalena,Salamina,8404
466,47692,74,Magdalena,San Sebastián de Buenavista,17267
467,47703,4,Magdalena,San Zenón,8904
468,47707,176,Magdalena,Santa Ana,23235
469,47720,35,Magdalena,Santa Bárbara de Pinto,11108
470,47745,1950,Magdalena,Sitionuevo,26867
471,47798,1209,Magdalena,Tenerife,12550
472,47960,532,Magdalena,Zapayán,8642
473,47980,2733,Magdalena,Zona Bananera,57004
474,50001,924,Meta,Villavicencio,380328
475,50006,643,Meta,Acacías,54230
476,5001,7396,Antioquia,Medellín,2214494
477,5002,2195,Antioquia,Abejorral,20249
478,5004,90,Antioquia,Abriaquí,2690
479,50110,8,Meta,Barranca de Upía,3197
480,50124,26,Meta,Cabuyaro,3660
481,50150,57,Meta,Castilla la Nueva,7067
482,5021,791,Antioquia,Alejandría,3816
483,50223,155,Meta,Cubarral,5152
484,50226,334,Meta,Cumaral,16575
485,50245,100,Meta,El Calvario,2288
486,50251,1389,Meta,El Castillo,6875
487,50270,279,Meta,El Dorado,3291
488,50287,171,Meta,Fuente de Oro,11072
489,5030,154,Antioquia,Amagá,27155
490,5031,629,Antioquia,Amalfi,20525
491,50313,478,Meta,Granada,50172
492,50318,96,Meta,Guamal,8897
493,50325,4913,Meta,Mapiripán,13230
494,50330,1287,Meta,Mesetas,10695
495,5034,252,Antioquia,Andes,41591
496,50350,1146,Meta,La Macarena,24164
497,5036,81,Antioquia,Angelópolis,7641
498,50370,946,Meta,Uribe,12480
499,5038,304,Antioquia,Angostura,12519
500,5040,360,Antioquia,Anorí,15016
501,50400,729,Meta,Lejanías,9558
502,5042,254,Antioquia,Santafé de Antioquia,22903
503,5044,143,Antioquia,Anza,7415
504,5045,3500,Antioquia,Apartadó,131416
505,50450,797,Meta,Puerto Concordia,15964
506,5051,585,Antioquia,Arboletes,30738
507,5055,6832,Antioquia,Argelia,10091
508,50568,257,Meta,Puerto Gaitán,17306
509,50573,230,Meta,Puerto López,28790
510,50577,831,Meta,Puerto Lleras,10666
511,5059,37,Antioquia,Armenia,5196
512,50590,751,Meta,Puerto Rico,17368
513,50606,95,Meta,Restrepo,10178
514,50680,70,Meta,San Carlos de Guaroa,6602
515,50683,564,Meta,San Juan de Arama,9218
516,50686,131,Meta,San Juanito,1864
517,50689,188,Meta,San Martín,21350
518,50711,3361,Meta,Vistahermosa,21048
519,5079,292,Antioquia,Barbosa,42453
520,5086,17,Antioquia,Belmira,6188
521,5088,441,Antioquia,Bello,371625
522,5091,152,Antioquia,Betania,10246
523,5093,1129,Antioquia,Betulia,16725
524,5101,294,Antioquia,Ciudad Bolívar,28279
525,5107,544,Antioquia,Briceño,8783
526,5113,115,Antioquia,Buriticá,6955
527,5120,755,Antioquia,Cáceres,28945
528,5125,296,Antioquia,Caicedo,7686
529,5129,112,Antioquia,Caldas,67994
530,5134,462,Antioquia,Campamento,9688
531,5138,343,Antioquia,Cañasgordas,16816
532,5142,58,Antioquia,Caracolí,4855
533,5145,61,Antioquia,Caramanta,5510
534,5147,955,Antioquia,Carepa,43125
535,5148,1309,Antioquia,El Carmen de Viboral,41012
536,5150,54,Antioquia,Carolina,3971
537,5154,468,Antioquia,Caucasia,87543
538,5172,1249,Antioquia,Chigorodó,58922
539,5190,46,Antioquia,Cisneros,9682
540,5197,6420,Antioquia,Cocorná,15119
541,52001,5991,Nariño,Pasto,382422
542,52019,469,Nariño,Albán,19303
543,52022,6,Nariño,Aldana,6850
544,52036,12,Nariño,Ancuyá,8991
545,52051,33,Nariño,Arboleda,7443
546,5206,231,Antioquia,Concepción,4509
547,52079,1179,Nariño,Barbacoas,30270
548,52083,104,Nariño,Belén,6587
549,5209,346,Antioquia,Concordia,21420
550,52110,133,Nariño,Buesaco,22233
551,5212,34,Antioquia,Copacabana,61230
552,52203,88,Nariño,Colón,9658
553,52207,15,Nariño,Consaca,10287
554,52210,10,Nariño,Contadero,6667
555,52215,11,Nariño,Córdoba,13499
556,52224,220,Nariño,Cuaspud,8101
557,52227,103,Nariño,Cumbal,30996
558,52233,131,Nariño,Cumbitara,11425
559,52240,11,Nariño,Chachagüí,12792
560,52250,3121,Nariño,El Charco,25733
561,52254,51,Nariño,El Peñol,6851
562,52256,417,Nariño,El Rosario,11368
563,52258,480,Nariño,El Tablón de Gómez,13991
564,52260,54,Nariño,El Tambo,14146
565,52287,174,Nariño,Funes,6991
566,52317,12,Nariño,Guachucal,16837
567,52320,9,Nariño,Guaitarilla,13712
568,5234,3323,Antioquia,Dabeiba,24084
569,52352,7,Nariño,Iles,7836
570,52356,256,Nariño,Ipiales,109127
571,5237,10,Antioquia,Don Matías,17701
572,52378,408,Nariño,La Cruz,17630
573,52381,139,Nariño,La Florida,11423
574,52385,14,Nariño,La Llanada,6544
575,52390,243,Nariño,La Tola,8408
576,52399,147,Nariño,La Unión,27914
577,5240,34,Antioquia,Ebéjico,12511
578,52405,166,Nariño,Leiva,11785
579,52411,28,Nariño,Linares,11821
580,52418,190,Nariño,Los Andes,16249
581,52427,200,Nariño,Magüi,16394
582,52435,47,Nariño,Mallama,9286
583,52473,21,Nariño,Mosquera,11995
584,52480,11,Nariño,Nariño,4183
585,52490,669,Nariño,Olaya Herrera,27359
586,5250,4056,Antioquia,El Bagre,46020
587,52520,29,Nariño,Francisco Pizarro,11029
588,52540,407,Nariño,Policarpa,13785
589,52560,44,Nariño,Potosí,13152
590,52565,2,Nariño,Providencia,11699
591,52573,43,Nariño,Puerres,8979
592,52585,2,Nariño,Pupiales,18404
593,52612,132,Nariño,Ricaurte,14904
594,52621,184,Nariño,Roberto Payán,16892
595,5264,11,Antioquia,Entrerrios,8447
596,5266,17,Antioquia,Envigado,174150
597,52678,254,Nariño,Samaniego,50437
598,52683,47,Nariño,Sandoná,25220
599,52685,47,Nariño,San Bernardo,14261
600,52687,30,Nariño,San Lorenzo,18398
601,52693,514,Nariño,San Pablo,18103
602,52694,22,Nariño,San Pedro de Cartago,7051
603,52696,272,Nariño,Santa Bárbara,15332
604,52699,55,Nariño,Santacruz,20670
605,52720,2,Nariño,Sapuyes,7473
606,52786,141,Nariño,Taminango,17218
607,52788,1272,Nariño,Tangua,10892
608,5282,45,Antioquia,Fredonia,22692
609,52835,2942,Nariño,San Andres de Tumaco,159955
610,52838,14,Nariño,Túquerres,41380
611,5284,592,Antioquia,Frontino,20031
612,52885,7,Nariño,Yacuanquer,9965
613,5306,13,Antioquia,Giraldo,4188
614,5308,71,Antioquia,Girardota,42581
615,5310,108,Antioquia,Gómez Plata,11252
616,5313,8677,Antioquia,Granada,9789
617,5315,126,Antioquia,Guadalupe,6231
618,5318,95,Antioquia,Guarne,39541
619,5321,313,Antioquia,Guatapé,5838
620,5347,73,Antioquia,Heliconia,6656
621,5353,13,Antioquia,Hispania,4821
622,5360,187,Antioquia,Itagui,234973
623,5361,2405,Antioquia,Ituango,25088
624,5364,98,Antioquia,Jardín,14433
625,5368,26,Antioquia,Jericó,12789
626,5376,174,Antioquia,La Ceja,46268
627,5380,21,Antioquia,La Estrella,52571
628,5390,241,Antioquia,La Pintada,7066
629,5400,1036,Antioquia,La Unión,17842
630,54001,2457,Norte de Santander,Cúcuta,587567
631,54003,303,Norte de Santander,Abrego,34492
632,54051,306,Norte de Santander,Arboledas,9270
633,54099,10,Norte de Santander,Bochalema,6583
634,54109,78,Norte de Santander,Bucarasica,4561
635,5411,149,Antioquia,Liborina,9475
636,54125,11,Norte de Santander,Cácota,2583
637,54128,279,Norte de Santander,Cachirá,10619
638,54172,34,Norte de Santander,Chinácota,14784
639,54174,26,Norte de Santander,Chitagá,10179
640,54206,12056,Norte de Santander,Convención,16605
641,54223,67,Norte de Santander,Cucutilla,8447
642,54239,31,Norte de Santander,Durania,4289
643,54245,1860,Norte de Santander,El Carmen,16377
644,5425,100,Antioquia,Maceo,7630
645,54250,4781,Norte de Santander,El Tarra,10772
646,54261,236,Norte de Santander,El Zulia,20309
647,54313,60,Norte de Santander,Gramalote,6329
648,54344,761,Norte de Santander,Hacarí,10121
649,54347,17,Norte de Santander,Herrán,4501
650,54377,32,Norte de Santander,Labateca,5852
651,54385,162,Norte de Santander,La Esperanza,10953
652,54398,126,Norte de Santander,La Playa,8395
653,5440,327,Antioquia,Marinilla,45548
654,54405,78,Norte de Santander,Los Patios,67239
655,54418,332,Norte de Santander,Lourdes,3448
656,54498,1118,Norte de Santander,Ocaña,90528
657,54518,57,Norte de Santander,Pamplona,53158
658,54520,1,Norte de Santander,Pamplonita,4792
659,54553,119,Norte de Santander,Puerto Santander,8720
660,54599,30,Norte de Santander,Ragonvalia,6800
661,54660,327,Norte de Santander,Salazar,9451
662,5467,1126,Antioquia,Montebello,7523
663,54670,1426,Norte de Santander,San Calixto,12581
664,54673,19,Norte de Santander,San Cayetano,4493
665,54680,2,Norte de Santander,Santiago,2679
666,54720,1599,Norte de Santander,Sardinata,22733
667,54743,5,Norte de Santander,Silos,5284
668,5475,475,Antioquia,Murindó,3736
669,5480,889,Antioquia,Mutatá,16428
670,54800,6596,Norte de Santander,Teorama,17523
671,54810,9147,Norte de Santander,Tibú,34773
672,54820,91,Norte de Santander,Toledo,17272
673,5483,1341,Antioquia,Nariño,15579
674,54871,21,Norte de Santander,Villa Caro,5044
675,54874,150,Norte de Santander,Villa del Rosario,69848
676,5490,1014,Antioquia,Necoclí,47989
677,5495,603,Antioquia,Nechí,20668
678,5501,33,Antioquia,Olaya,2916
679,5541,853,Antioquia,Peñol,16241
680,5543,154,Antioquia,Peque,9621
681,5576,56,Antioquia,Pueblorrico,8294
682,5579,346,Antioquia,Puerto Berrío,38953
683,5585,132,Antioquia,Puerto Nare,16690
684,5591,100,Antioquia,Puerto Triunfo,16248
685,5604,671,Antioquia,Remedios,22769
686,5607,47,Antioquia,Retiro,16976
687,5615,110,Antioquia,Rionegro,100513
688,5628,226,Antioquia,Sabanalarga,8193
689,5631,21,Antioquia,Sabaneta,44443
690,5642,382,Antioquia,Salgar,18206
691,5647,218,Antioquia,San Andrés de Cuerquía,7367
692,5649,7438,Antioquia,San Carlos,15826
693,5652,1757,Antioquia,San Francisco,6395
694,5656,8,Antioquia,San Jerónimo,11627
695,5658,44,Antioquia,San José de La Montaña,3103
696,5659,362,Antioquia,San Juan de Urabá,20899
697,5660,4815,Antioquia,San Luis,11009
698,5664,290,Antioquia,San Pedro,22066
699,5665,1298,Antioquia,San Pedro de Uraba,28772
700,5667,2224,Antioquia,San Rafael,13530
701,5670,206,Antioquia,San Roque,18157
702,5674,814,Antioquia,San Vicente,19438
703,5679,573,Antioquia,Santa Bárbara,23590
704,5686,147,Antioquia,Santa Rosa de Osos,31025
705,5690,311,Antioquia,Santo Domingo,11567
706,5697,517,Antioquia,El Santuario,26287
707,5736,573,Antioquia,Segovia,35071
708,5756,3324,Antioquia,Sonson,38779
709,5761,36,Antioquia,Sopetrán,13385
710,5789,163,Antioquia,Támesis,16387
711,5790,1340,Antioquia,Tarazá,32943
712,5792,42,Antioquia,Tarso,7155
713,5809,61,Antioquia,Titiribí,13317
714,5819,366,Antioquia,Toledo,5697
715,5837,2561,Antioquia,Turbo,121885
716,5842,224,Antioquia,Uramita,8304
717,5847,2060,Antioquia,Urrao,38923
718,5854,197,Antioquia,Valdivia,17290
719,5856,78,Antioquia,Valparaíso,6324
720,5858,273,Antioquia,Vegachí,11293
721,5861,99,Antioquia,Venecia,13419
722,5873,4447,Antioquia,Vigía del Fuerte,5487
723,5885,403,Antioquia,Yalí,7734
724,5887,255,Antioquia,Yarumal,41240
725,5890,530,Antioquia,Yolombó,20025
726,5893,1148,Antioquia,Yondó,15097
727,5895,815,Antioquia,Zaragoza,26959
728,63001,96,Quindio,Armenia,280881
729,63111,6,Quindio,Buenavista,3094
730,63130,228,Quindio,Calarca,73720
731,63190,16,Quindio,Circasia,27443
732,63212,144,Quindio,Córdoba,5449
733,63272,36,Quindio,Filandia,12930
734,63302,343,Quindio,Génova,9628
735,63401,26,Quindio,La Tebaida,33501
736,63470,14,Quindio,Montenegro,39871
737,63548,164,Quindio,Pijao,6683
738,63594,11,Quindio,Quimbaya,34060
739,63690,96,Quindio,Salento,7246
740,66001,293,Risaralda,Pereira,443442
741,66045,120,Risaralda,Apía,17505
742,66075,17,Risaralda,Balboa,6355
743,66088,277,Risaralda,Belén de Umbría,27727
744,66170,46,Risaralda,Dosquebradas,179282
745,66318,131,Risaralda,Guática,15751
746,66383,127,Risaralda,La Celia,8773
747,66400,32,Risaralda,La Virginia,31266
748,66440,18,Risaralda,Marsella,21465
749,66456,376,Risaralda,Mistrató,15173
750,66572,1083,Risaralda,Pueblo Rico,11979
751,66594,1116,Risaralda,Quinchía,33323
752,66682,14,Risaralda,Santa Rosa de Cabal,69950
753,66687,572,Risaralda,Santuario,15422
754,68001,612,Santander,Bucaramanga,516460
755,68020,37,Santander,Albania,4473
756,68051,3,Santander,Aratoca,8395
757,68077,52,Santander,Barbosa,26046
758,68079,6,Santander,Barichara,7651
759,68081,2620,Santander,Barrancabermeja,190069
760,68092,110,Santander,Betulia,5350
761,68101,253,Santander,Bolívar,13996
762,68121,9,Santander,Cabrera,1924
763,68132,52,Santander,California,1793
764,68147,133,Santander,Capitanejo,6152
765,68152,56,Santander,Carcasí,5200
766,68160,16,Santander,Cepitá,2022
767,68162,73,Santander,Cerrito,6319
768,68167,44,Santander,Charalá,11422
769,68169,44,Santander,Charta,3142
770,68176,222,Santander,Chima,3338
771,68179,18,Santander,Chipatá,5151
772,68190,312,Santander,Cimitarra,34293
773,68207,52,Santander,Concepción,5908
774,68209,30,Santander,Confines,2753
775,68211,28,Santander,Contratación,4021
776,68217,91,Santander,Coromoro,7376
777,68229,13,Santander,Curití,11464
778,68235,178,Santander,El Carmen de Chucurí,18098
779,68245,11,Santander,El Guacamayo,2303
780,68250,180,Santander,El Peñón,5600
781,68255,772,Santander,El Playón,13148
782,68264,4,Santander,Encino,2711
783,68266,44,Santander,Enciso,3989
784,68271,58,Santander,Florián,6378
785,68276,34,Santander,Floridablanca,254600
786,68296,29,Santander,Galán,2992
787,68298,25,Santander,Gambita,5168
788,68307,246,Santander,Girón,135860
789,68318,46,Santander,Guaca,6916
790,68320,5,Santander,Guadalupe,5596
791,68322,1,Santander,Guapotá,2271
792,68324,18,Santander,Guavatá,4402
793,68327,7,Santander,Güepsa,4285
794,68344,318,Santander,Hato,2401
795,68368,7,Santander,Jesús María,3455
796,68377,98,Santander,La Belleza,8462
797,68385,525,Santander,Landázuri,15192
798,68397,64,Santander,La Paz,5611
799,68406,411,Santander,Lebríja,30980
800,68425,38,Santander,Macaravita,2753
801,68432,224,Santander,Málaga,18706
802,68444,273,Santander,Matanza,5840
803,68464,137,Santander,Mogotes,10952
804,68468,86,Santander,Molagavita,5764
805,68498,2,Santander,Ocamonte,4984
806,68500,14,Santander,Oiba,10983
807,68502,53,Santander,Onzaga,5707
808,68533,17,Santander,Páramo,3671
809,68547,100,Santander,Piedecuesta,117405
810,68549,6,Santander,Pinchote,4420
811,68572,39,Santander,Puente Nacional,14538
812,68573,78,Santander,Puerto Parra,6514
813,68575,706,Santander,Puerto Wilches,31503
814,68615,480,Santander,Rionegro,29382
815,68655,838,Santander,Sabana de Torres,19772
816,68669,67,Santander,San Andrés,9783
817,68673,28,Santander,San Benito,3907
818,68679,20,Santander,San Gil,43519
819,68682,32,Santander,San Joaquín,2948
820,68684,24,Santander,San José de Miranda,4855
821,68686,44,Santander,San Miguel,2683
822,68689,552,Santander,San Vicente de Chucurí,33267
823,68705,54,Santander,Santa Bárbara,2311
824,68720,140,Santander,Santa Helena del Opón,4473
825,68745,523,Santander,Simacota,8910
826,68755,14,Santander,Socorro,29076
827,68770,55,Santander,Suaita,10975
828,68773,146,Santander,Sucre,9256
829,68780,328,Santander,Suratá,3662
830,68820,87,Santander,Tona,6690
831,68855,15,Santander,Valle de San José,5315
832,68861,33,Santander,Vélez,19755
833,68867,5,Santander,Vetas,2349
834,68872,4,Santander,Villanueva,6978
835,68895,123,Santander,Zapatoca,9449
836,70001,1143,Sucre,Sincelejo,237639
837,70110,679,Sucre,Buenavista,8962
838,70124,741,Sucre,Caimito,11048
839,70204,2581,Sucre,Coloso,6214
840,70215,207,Sucre,Corozal,57767
841,70221,14,Sucre,Coveñas,11331
842,70230,1257,Sucre,Chalán,4188
843,70233,337,Sucre,El Roble,9433
844,70235,722,Sucre,Galeras,17297
845,70265,822,Sucre,Guaranda,15498
846,70400,30,Sucre,La Unión,10346
847,70418,1111,Sucre,Los Palmitos,19315
848,70429,679,Sucre,Majagual,31657
849,70473,738,Sucre,Morroa,12846
850,70508,3899,Sucre,Ovejas,21658
851,70523,397,Sucre,Palmito,11361
852,70670,84,Sucre,Sampués,36481
853,70678,6232,Sucre,San Benito Abad,22972
854,70702,87,Sucre,San Juan de Betulia,12378
855,70708,391,Sucre,San Marcos,50679
856,70713,6808,Sucre,San Onofre,46383
857,70717,537,Sucre,San Pedro,16415
858,70742,206,Sucre,San Luis de Sincé,30648
859,70771,2573,Sucre,Sucre,22463
860,70820,202,Sucre,Santiago de Tolú,28108
861,70823,2716,Sucre,Tolú Viejo,18955
862,73001,1095,Tolima,Ibagué,498130
863,73024,145,Tolima,Alpujarra,5174
864,73026,150,Tolima,Alvarado,8972
865,73030,74,Tolima,Ambalema,7674
866,73043,498,Tolima,Anzoátegui,16422
867,73055,216,Tolima,Armero,13064
868,73067,3234,Tolima,Ataco,21942
869,73124,364,Tolima,Cajamarca,19789
870,73152,176,Tolima,Casabianca,6909
871,73168,1925,Tolima,Chaparral,46712
872,73200,56,Tolima,Coello,9017
873,73217,1243,Tolima,Coyaima,28056
874,73226,1784,Tolima,Cunday,10689
875,73236,1093,Tolima,Dolores,9164
876,73268,63,Tolima,Espinal,76237
877,73270,240,Tolima,Falan,9277
878,73275,25,Tolima,Flandes,27943
879,73283,522,Tolima,Fresno,31317
880,73319,149,Tolima,Guamo,34781
881,73347,159,Tolima,Herveo,9142
882,73349,71,Tolima,Honda,27310
883,73352,304,Tolima,Icononzo,11649
884,73408,377,Tolima,Lérida,19489
885,73411,1427,Tolima,Líbano,42269
886,73443,238,Tolima,Mariquita,32933
887,73449,27,Tolima,Melgar,32774
888,73461,271,Tolima,Murillo,5075
889,73483,1400,Tolima,Natagaima,23212
890,73504,655,Tolima,Ortega,33873
891,73520,301,Tolima,Palocabildo,9609
892,73547,16,Tolima,Piedras,5427
893,73555,1683,Tolima,Planadas,29417
894,73563,1792,Tolima,Prado,8761
895,73585,549,Tolima,Purificación,27873
896,73616,1516,Tolima,Rioblanco,25636
897,73622,242,Tolima,Roncesvalles,6269
898,73624,837,Tolima,Rovira,21665
899,73671,113,Tolima,Saldaña,14990
900,73675,1432,Tolima,San Antonio,15331
901,73678,399,Tolima,San Luis,19262
902,73686,377,Tolima,Santa Isabel,6565
903,73770,2,Tolima,Suárez,4519
904,73854,157,Tolima,Valle de San Juan,6178
905,73861,253,Tolima,Venadillo,18769
906,73870,316,Tolima,Villahermosa,11196
907,73873,1068,Tolima,Villarrica,6226
908,76001,937,Valle del Cauca,Cali,2119843
909,76020,11,Valle del Cauca,Alcalá,17588
910,76036,103,Valle del Cauca,Andalucía,18196
911,76041,16,Valle del Cauca,Ansermanuevo,20782
912,76054,24,Valle del Cauca,Argelia,6713
913,76100,113,Valle del Cauca,Bolívar,15366
914,76109,3412,Valle del Cauca,Buenaventura,328753
915,76111,352,Valle del Cauca,Guadalajara de Buga,116831
916,76113,545,Valle del Cauca,Bugalagrande,21607
917,76122,248,Valle del Cauca,Caicedonia,31110
918,76126,170,Valle del Cauca,Calima,15495
919,76130,21,Valle del Cauca,Candelaria,70267
920,76147,48,Valle del Cauca,Cartago,124842
921,76233,2390,Valle del Cauca,Dagua,35270
922,76243,42,Valle del Cauca,El Águila,10693
923,76246,57,Valle del Cauca,El Cairo,9382
924,76248,54,Valle del Cauca,El Cerrito,54576
925,76250,66,Valle del Cauca,El Dovio,9598
926,76275,1653,Valle del Cauca,Florida,55996
927,76306,188,Valle del Cauca,Ginebra,19283
928,76318,63,Valle del Cauca,Guacarí,31785
929,76364,1829,Valle del Cauca,Jamundí,96849
930,76377,241,Valle del Cauca,La Cumbre,11126
931,76400,29,Valle del Cauca,La Unión,31800
932,76403,95,Valle del Cauca,La Victoria,14132
933,76497,27,Valle del Cauca,Obando,14409
934,76520,515,Valle del Cauca,Palmira,284319
935,76563,321,Valle del Cauca,Pradera,48845
936,76606,104,Valle del Cauca,Restrepo,15796
937,76616,101,Valle del Cauca,Riofrío,17383
938,76622,34,Valle del Cauca,Roldanillo,34710
939,76670,99,Valle del Cauca,San Pedro,15789
940,76736,537,Valle del Cauca,Sevilla,47940
941,76823,16,Valle del Cauca,Toro,15910
942,76828,226,Valle del Cauca,Trujillo,18676
943,76834,953,Valle del Cauca,Tuluá,187249
944,76845,36,Valle del Cauca,Ulloa,5742
945,76863,48,Valle del Cauca,Versalles,8283
946,76869,32,Valle del Cauca,Vijes,9781
947,76890,19,Valle del Cauca,Yotoco,15573
948,76892,52,Valle del Cauca,Yumbo,92214
949,76895,69,Valle del Cauca,Zarzal,40968
950,8001,434,Atlántico,Barranquilla,1146498
951,8078,57,Atlántico,Baranoa,51565
952,81001,3007,Arauca,Arauca,75568
953,81065,471,Arauca,Arauquita,36745
954,81220,614,Arauca,Cravo Norte,3661
955,81300,185,Arauca,Fortul,21851
956,8137,23,Atlántico,Campo de La Cruz,19118
957,8141,9,Atlántico,Candelaria,12030
958,81591,196,Arauca,Puerto Rondón,3962
959,81736,843,Arauca,Saravena,42766
960,81794,4023,Arauca,Tame,47576
961,8296,19,Atlántico,Galapa,31985
962,8372,3,Atlántico,Juan de Acosta,14578
963,8421,169,Atlántico,Luruaco,23559
964,8433,43,Atlántico,Malambo,101280
965,8436,8,Atlántico,Manatí,13810
966,85001,818,Casanare,Yopal,106762
967,85010,593,Casanare,Aguazul,28319
968,85015,780,Casanare,Chameza,1820
969,85125,441,Casanare,Hato Corozal,10091
970,85136,6,Casanare,La Salina,1310
971,85139,135,Casanare,Maní,11176
972,85162,346,Casanare,Monterrey,12740
973,8520,11,Atlántico,Palmar de Varela,23678
974,85225,198,Casanare,Nunchía,8420
975,85230,116,Casanare,Orocué,7717
976,85250,615,Casanare,Paz de Ariporo,27122
977,85263,413,Casanare,Pore,7974
978,85279,368,Casanare,Recetor,2608
979,85300,13,Casanare,Sabanalarga,3434
980,85315,92,Casanare,Sácama,1706
981,85325,87,Casanare,San Luis de Palenque,7423
982,85400,167,Casanare,Támara,7120
983,85410,570,Casanare,Tauramena,16239
984,85430,170,Casanare,Trinidad,11501
985,85440,160,Casanare,Villanueva,21794
986,8549,31,Atlántico,Piojó,5026
987,8558,7,Atlántico,Polonuevo,13901
988,8560,19,Atlántico,Ponedera,18944
989,8573,13,Atlántico,Puerto Colombia,27825
990,86001,1399,Putumayo,Mocoa,35755
991,8606,126,Atlántico,Repelón,22875
992,86219,56,Putumayo,Colón,5166
993,86320,4656,Putumayo,Orito,43654
994,8634,96,Atlántico,Sabanagrande,25399
995,8638,91,Atlántico,Sabanalarga,86623
996,86568,5203,Putumayo,Puerto Asís,55759
997,86569,3237,Putumayo,Puerto Caicedo,14206
998,86571,3975,Putumayo,Puerto Guzmán,22679
999,86573,981,Putumayo,Leguízamo,16044
1000,86749,185,Putumayo,Sibundoy,13270
1001,8675,6,Atlántico,Santa Lucía,12423
1002,86755,134,Putumayo,San Francisco,6808
1003,86757,2595,Putumayo,San Miguel,21838
1004,86760,158,Putumayo,Santiago,9209
1005,8685,6,Atlántico,Santo Tomás,23877
1006,86865,6237,Putumayo,Valle del Guamuez,44959
1007,86885,2240,Putumayo,Villagarzón,20785
1008,8758,88,Atlántico,Soledad,461603
1009,8770,4,Atlántico,Suan,9702
1010,88001,14,Archipiélago de San Andrés,San Andrés,65627
1011,8832,9,Atlántico,Tubará,10912
1012,8849,4,Atlántico,Usiacurí,8809
1013,91001,23,Amazonas,Leticia,37832
1014,91263,7,Amazonas,El Encanto (ANM),4376
1015,91405,7,Amazonas,La Chorrera (ANM),3337
1016,91407,7,Amazonas,La Pedrera (ANM),3711
1017,91530,15,Amazonas,Puerto Alegría (ANM),1277
1018,91536,24,Amazonas,Puerto Arica (ANM),1440
1019,91669,18,Amazonas,Puerto Santander (ANM),2373
1020,91798,12,Amazonas,Tarapacá (ANM),3775
1021,94001,119,Guainía,Inírida,17866
1022,94343,219,Guainía,Barranco Minas (ANM),4384
1023,94663,18,Guainía,Mapiripana (ANM),3072
1024,94884,1,Guainía,Puerto Colombia (ANM),3753
1025,95001,4942,Guaviare,San José del Guaviare,53994
1026,95015,1119,Guaviare,Calamar,11183
1027,95025,1492,Guaviare,El Retorno,19063
1028,95200,586,Guaviare,Miraflores,11311
1029,97001,252,Vaupés,Mitú,28382
1030,97161,81,Vaupés,Caruru,3242
1031,97511,4,Vaupés,Pacoa (ANM),4459
1032,97666,16,Vaupés,Taraira,1048
1033,99001,311,Vichada,Puerto Carreño,13288
1034,99524,177,Vichada,La Primavera,10616
1035,99624,82,Vichada,Santa Rosalía,3250
1036,99773,645,Vichada,Cumaribo,28718
